{"mean": [0.4054754375666978, 0.2828090750363772, 0.29302324665767526, 0.21692984102914653, 0.3814512986548745, 0.2639836953734058, 0.23702960126404546, 0.10855098845548415, 0.3385614472218034, 0.2888461428951695, 0.44298341256953633, 0.3903589002380945, 0.3731906762283999, 0.43197351531145783, 0.498994916577254, 0.4847169664603666, 0.40249019163757344, 0.5496349002421738, 0.5626131821020697, 0.5201158772864125, 0.45009062627253804, 0.5697216155898541, 0.4862197607982342, 0.6980545286832833, 0.4375461703437491, 0.7280087551372727, 0.24158038094512455, 0.20644565596583506, 0.2343718357707168, 0.23998247147332136, 0.25186303697512735, 0.26428570231095033, 0.2316541705107506, 0.29054602703527116], "std": [0.18593910459428126, 0.17307321865592576, 0.2328882161980913, 0.1948473459499981, 0.19545383249767934, 0.18863488763007258, 0.2764326403421381, 0.13952435764222312, 0.19186107148643203, 0.22994775387374888, 0.18252328412582866, 0.15803856645490816, 0.1500422978786562, 0.2167006451029853, 0.17969485243967837, 0.18531451660742687, 0.15439410221661742, 0.23539430545607423, 0.19040967912362952, 0.22783763023163772, 0.20763585172560373, 0.259325023249828, 0.1394221164271216, 0.22565944678025054, 0.1347681307109858, 0.2189712705527604, 0.3241611604481543, 0.28883860211593954, 0.3184184466303279, 0.32341967539243444, 0.3516390215948214, 0.3613992111518856, 0.3347263199103661, 0.3856988412759023]}